,scenario,bus_idx,phase,installed_kW,violation
0,EV_bus_5_iter_0,5,B,4.853479685396422,Overvoltage
1,EV_bus_5_iter_1,5,B,3.54563341146087,Overvoltage
2,EV_bus_5_iter_2,5,A,3.377865815107035,Overvoltage
3,EV_bus_5_iter_3,5,A,1.0681422731933838,Overvoltage
4,EV_bus_5_iter_4,5,A,3.356828939587606,Overvoltage
5,EV_bus_5_iter_5,5,A,1.8452668073077638,Overvoltage
6,EV_bus_5_iter_6,5,C,2.607533952644468,Overvoltage
7,EV_bus_5_iter_7,5,A,4.2175088153953,Overvoltage
8,EV_bus_5_iter_8,5,B,1.2957709294203803,Overvoltage
9,EV_bus_5_iter_9,5,B,3.8114476991132933,Overvoltage
10,EV_bus_5_iter_10,5,C,2.4356663720966396,Overvoltage
11,EV_bus_5_iter_11,5,B,4.684803001965301,Overvoltage
12,EV_bus_5_iter_12,5,A,4.681115819493922,Overvoltage
13,EV_bus_5_iter_13,5,A,3.0452381992087663,Overvoltage
14,EV_bus_5_iter_14,5,A,4.731894700586949,Overvoltage
15,EV_bus_5_iter_15,5,A,4.14855112909645,Overvoltage
16,EV_bus_5_iter_16,5,B,1.5944628299039336,Overvoltage
17,EV_bus_5_iter_17,5,C,4.6639420139298355,Overvoltage
18,EV_bus_5_iter_18,5,C,3.5228294464128056,Overvoltage
19,EV_bus_5_iter_19,5,B,2.502977880492965,Overvoltage
20,EV_bus_5_iter_20,5,B,4.310557176426891,Overvoltage
21,EV_bus_5_iter_21,5,B,3.076562428623005,Overvoltage
22,EV_bus_5_iter_22,5,A,3.46537027998336,Overvoltage
23,EV_bus_5_iter_23,5,C,4.94847258921291,Overvoltage
24,EV_bus_5_iter_24,5,C,3.054715399280808,Overvoltage
25,EV_bus_5_iter_25,5,C,2.7430070874361494,Overvoltage
26,EV_bus_5_iter_26,5,A,2.74202312619489,Overvoltage
27,EV_bus_5_iter_27,5,C,2.33149324525709,Overvoltage
28,EV_bus_5_iter_28,5,A,1.201859701320744,Overvoltage
29,EV_bus_5_iter_29,5,A,4.3802795710351665,Overvoltage
30,EV_bus_5_iter_30,5,A,3.0816918002243465,Overvoltage
31,EV_bus_5_iter_31,5,C,3.5134760791903075,Overvoltage
32,EV_bus_5_iter_32,5,A,1.7437366007637953,Overvoltage
33,EV_bus_5_iter_33,5,C,3.8415202782834195,Overvoltage
34,EV_bus_5_iter_34,5,A,3.573926567787207,Overvoltage
35,EV_bus_5_iter_35,5,C,3.5753164491245046,Overvoltage
36,EV_bus_5_iter_36,5,C,3.3800408181100967,Overvoltage
37,EV_bus_5_iter_37,5,B,3.8963863991084624,Overvoltage
38,EV_bus_5_iter_38,5,A,1.8729787639133715,Overvoltage
39,EV_bus_5_iter_39,5,C,3.1755639025878977,Overvoltage
40,EV_bus_5_iter_40,5,B,2.8774780375549533,Overvoltage
41,EV_bus_5_iter_41,5,B,1.1210782131834525,Overvoltage
42,EV_bus_5_iter_42,5,C,1.4170478005829015,Overvoltage
43,EV_bus_5_iter_43,5,A,3.126883781476024,Overvoltage
44,EV_bus_5_iter_44,5,A,3.6965900238839864,Overvoltage
45,EV_bus_5_iter_45,5,B,1.434162521274689,Overvoltage
46,EV_bus_5_iter_46,5,A,2.740823512092518,Overvoltage
47,EV_bus_5_iter_47,5,A,2.830033125827101,Overvoltage
48,EV_bus_5_iter_48,5,A,4.429058944203715,Overvoltage
49,EV_bus_5_iter_49,5,B,4.376894899505849,Overvoltage
50,EV_bus_7_iter_0,7,A,2.496357056833697,Overvoltage
51,EV_bus_7_iter_1,7,A,1.5576199190575233,Overvoltage
52,EV_bus_7_iter_2,7,C,1.4440588047600924,Overvoltage
53,EV_bus_7_iter_3,7,A,3.741484497203449,Overvoltage
54,EV_bus_7_iter_4,7,B,1.63378091731748,Overvoltage
55,EV_bus_7_iter_5,7,A,2.616957709160376,Overvoltage
56,EV_bus_7_iter_6,7,B,2.517888125811923,Overvoltage
57,EV_bus_7_iter_7,7,C,1.643856569090457,Overvoltage
58,EV_bus_7_iter_8,7,B,2.9873777971333615,Overvoltage
59,EV_bus_7_iter_9,7,B,3.473043457945979,Overvoltage
60,EV_bus_7_iter_10,7,A,1.653608254437366,Overvoltage
61,EV_bus_7_iter_11,7,C,1.4417733942963755,Overvoltage
62,EV_bus_7_iter_12,7,B,1.1623149916543971,Overvoltage
63,EV_bus_7_iter_13,7,A,2.690364252357716,Overvoltage
64,EV_bus_7_iter_14,7,C,2.5256977397034275,Overvoltage
65,EV_bus_7_iter_15,7,A,2.3445030278561325,Overvoltage
66,EV_bus_7_iter_16,7,A,3.0612050645790534,Overvoltage
67,EV_bus_7_iter_17,7,C,1.8995294220560948,Overvoltage
68,EV_bus_7_iter_18,7,A,4.406070624706032,Overvoltage
69,EV_bus_7_iter_19,7,C,2.2415631212783618,Overvoltage
70,EV_bus_7_iter_20,7,C,2.976865479183584,Overvoltage
71,EV_bus_7_iter_21,7,A,2.6395318340098557,Overvoltage
72,EV_bus_7_iter_22,7,C,3.2617712651176136,Overvoltage
73,EV_bus_7_iter_23,7,B,3.439764559280279,Overvoltage
74,EV_bus_7_iter_24,7,C,4.403570015271588,Overvoltage
75,EV_bus_7_iter_25,7,C,2.0644537314575957,Overvoltage
76,EV_bus_7_iter_26,7,A,2.6008489430553303,Overvoltage
77,EV_bus_7_iter_27,7,A,4.561865992263144,Overvoltage
78,EV_bus_7_iter_28,7,C,1.8209124307393543,Overvoltage
79,EV_bus_7_iter_29,7,B,4.393525512916815,Overvoltage
80,EV_bus_7_iter_30,7,B,3.437788398997367,Overvoltage
81,EV_bus_7_iter_31,7,B,1.9384196128814808,Overvoltage
82,EV_bus_7_iter_32,7,B,2.8748153714605382,Overvoltage
83,EV_bus_7_iter_33,7,A,2.095595258448006,Overvoltage
84,EV_bus_7_iter_34,7,C,4.457186004206937,Overvoltage
85,EV_bus_7_iter_35,7,A,2.0088165716292044,Overvoltage
86,EV_bus_7_iter_36,7,C,2.2629522748245465,Overvoltage
87,EV_bus_7_iter_37,7,C,1.158050310185736,Overvoltage
88,EV_bus_7_iter_38,7,B,3.6224273481362688,Overvoltage
89,EV_bus_7_iter_39,7,C,4.625803392537778,Overvoltage
90,EV_bus_7_iter_40,7,C,3.541886354094918,Overvoltage
91,EV_bus_7_iter_41,7,A,4.194550353086388,Overvoltage
92,EV_bus_7_iter_42,7,A,3.5927350364697292,Overvoltage
93,EV_bus_7_iter_43,7,C,4.265130749276905,Overvoltage
94,EV_bus_7_iter_44,7,B,2.9704708242019264,Overvoltage
95,EV_bus_7_iter_45,7,C,4.259769933280392,Overvoltage
96,EV_bus_7_iter_46,7,A,4.462617010419763,Overvoltage
97,EV_bus_7_iter_47,7,C,4.619823430242772,Overvoltage
98,EV_bus_7_iter_48,7,C,3.644063523435894,Overvoltage
99,EV_bus_7_iter_49,7,C,3.4544115749245172,Overvoltage
100,EV_bus_10_iter_0,10,C,2.509743539248197,Overvoltage
101,EV_bus_10_iter_1,10,B,3.8447797952631184,Overvoltage
102,EV_bus_10_iter_2,10,A,1.3250077276795356,Overvoltage
103,EV_bus_10_iter_3,10,A,2.3790401574971938,Overvoltage
104,EV_bus_10_iter_4,10,C,4.447839553251534,Overvoltage
105,EV_bus_10_iter_5,10,C,3.665524457011131,Overvoltage
106,EV_bus_10_iter_6,10,A,2.8134226644178244,Overvoltage
107,EV_bus_10_iter_7,10,A,4.230953640071663,Overvoltage
108,EV_bus_10_iter_8,10,C,4.408855356988431,Overvoltage
109,EV_bus_10_iter_9,10,C,4.4259052687133975,Overvoltage
110,EV_bus_10_iter_10,10,B,3.9157404425651574,Overvoltage
111,EV_bus_10_iter_11,10,C,3.9606111577983496,Overvoltage
112,EV_bus_10_iter_12,10,C,1.8797471338263554,Overvoltage
113,EV_bus_10_iter_13,10,B,3.254410959948472,Overvoltage
114,EV_bus_10_iter_14,10,A,2.975359291520648,Overvoltage
115,EV_bus_10_iter_15,10,C,3.0655013618985367,Overvoltage
116,EV_bus_10_iter_16,10,C,1.9780631225402203,Overvoltage
117,EV_bus_10_iter_17,10,C,4.097886085891179,Overvoltage
118,EV_bus_10_iter_18,10,A,2.7175330916210614,Overvoltage
119,EV_bus_10_iter_19,10,A,2.5648669036850515,Overvoltage
120,EV_bus_10_iter_20,10,A,1.3164924341574324,Overvoltage
121,EV_bus_10_iter_21,10,A,4.0975254798208,Overvoltage
122,EV_bus_10_iter_22,10,A,1.5058501266700692,Overvoltage
123,EV_bus_10_iter_23,10,B,4.259174273573409,Overvoltage
124,EV_bus_10_iter_24,10,C,2.6209215519742726,Overvoltage
125,EV_bus_10_iter_25,10,B,4.853785463488083,Overvoltage
126,EV_bus_10_iter_26,10,B,1.7460673568695668,Overvoltage
127,EV_bus_10_iter_27,10,A,3.5588667031747274,Overvoltage
128,EV_bus_10_iter_28,10,B,1.4983074085160335,Overvoltage
129,EV_bus_10_iter_29,10,B,2.212498114812205,Overvoltage
130,EV_bus_10_iter_30,10,B,3.753580245912965,Overvoltage
131,EV_bus_10_iter_31,10,B,4.239055961387129,Overvoltage
132,EV_bus_10_iter_32,10,B,3.68657236872744,Overvoltage
133,EV_bus_10_iter_33,10,B,4.278276767752084,Overvoltage
134,EV_bus_10_iter_34,10,C,3.6732504578430727,Overvoltage
135,EV_bus_10_iter_35,10,B,4.738496260234703,Overvoltage
136,EV_bus_10_iter_36,10,A,3.6588205815523644,Overvoltage
137,EV_bus_10_iter_37,10,C,1.917009235325549,Overvoltage
138,EV_bus_10_iter_38,10,A,3.634411688725031,Overvoltage
139,EV_bus_10_iter_39,10,C,3.783466468350455,Overvoltage
140,EV_bus_10_iter_40,10,B,4.575205355095926,Overvoltage
141,EV_bus_10_iter_41,10,B,2.92460855053809,Overvoltage
142,EV_bus_10_iter_42,10,C,4.406811204224563,Overvoltage
143,EV_bus_10_iter_43,10,A,2.9271427840237214,Overvoltage
144,EV_bus_10_iter_44,10,B,1.2236507127102692,Overvoltage
145,EV_bus_10_iter_45,10,B,2.5778807340339585,Overvoltage
146,EV_bus_10_iter_46,10,C,4.023803511239356,Overvoltage
147,EV_bus_10_iter_47,10,A,3.141908408042548,Overvoltage
148,EV_bus_10_iter_48,10,A,2.030476643011669,Overvoltage
149,EV_bus_10_iter_49,10,B,2.588282561184921,Overvoltage
150,EV_bus_11_iter_0,11,B,2.708031149828521,Overvoltage
151,EV_bus_11_iter_1,11,A,1.6176873085684744,Overvoltage
152,EV_bus_11_iter_2,11,B,1.4166758266894908,Overvoltage
153,EV_bus_11_iter_3,11,A,4.905492862251808,Overvoltage
154,EV_bus_11_iter_4,11,C,2.7435214740485945,Overvoltage
155,EV_bus_11_iter_5,11,B,3.85326460152085,Overvoltage
156,EV_bus_11_iter_6,11,A,1.207906452147279,Overvoltage
157,EV_bus_11_iter_7,11,C,2.679320697481114,Overvoltage
158,EV_bus_11_iter_8,11,A,3.0184386975414377,Overvoltage
159,EV_bus_11_iter_9,11,B,4.053857226164349,Overvoltage
160,EV_bus_11_iter_10,11,C,3.2589785202375365,Overvoltage
161,EV_bus_11_iter_11,11,B,1.5573083525403728,Overvoltage
162,EV_bus_11_iter_12,11,A,4.057660557438485,Overvoltage
163,EV_bus_11_iter_13,11,B,2.787552162137213,Overvoltage
164,EV_bus_11_iter_14,11,C,2.2776416530576413,Overvoltage
165,EV_bus_11_iter_15,11,B,1.0742584233571386,Overvoltage
166,EV_bus_11_iter_16,11,A,3.9999175290394606,Overvoltage
167,EV_bus_11_iter_17,11,A,1.6192149596512713,Overvoltage
168,EV_bus_11_iter_18,11,A,2.6253443659536972,Overvoltage
169,EV_bus_11_iter_19,11,B,1.2499040887518977,Overvoltage
170,EV_bus_11_iter_20,11,B,4.9744257365519715,Overvoltage
171,EV_bus_11_iter_21,11,A,2.223916774481591,Overvoltage
172,EV_bus_11_iter_22,11,B,3.0222981489723795,Overvoltage
173,EV_bus_11_iter_23,11,A,1.5018393473368499,Overvoltage
174,EV_bus_11_iter_24,11,C,2.8675974670934687,Overvoltage
175,EV_bus_11_iter_25,11,A,2.3329256494880912,Overvoltage
176,EV_bus_11_iter_26,11,B,1.4360488821812747,Overvoltage
177,EV_bus_11_iter_27,11,B,1.2743630087221893,Overvoltage
178,EV_bus_11_iter_28,11,C,4.5071242154094975,Overvoltage
179,EV_bus_11_iter_29,11,A,3.374891873281275,Overvoltage
180,EV_bus_11_iter_30,11,B,4.656709967447334,Overvoltage
181,EV_bus_11_iter_31,11,B,1.9173960978082825,Overvoltage
182,EV_bus_11_iter_32,11,C,2.4640722680096263,Overvoltage
183,EV_bus_11_iter_33,11,C,3.397641168063927,Overvoltage
184,EV_bus_11_iter_34,11,C,4.613976062821411,Overvoltage
185,EV_bus_11_iter_35,11,C,2.8170134576259462,Overvoltage
186,EV_bus_11_iter_36,11,B,3.0794252118116505,Overvoltage
187,EV_bus_11_iter_37,11,A,4.66967791505086,Overvoltage
188,EV_bus_11_iter_38,11,B,4.302754139138069,Overvoltage
189,EV_bus_11_iter_39,11,B,4.640168754040641,Overvoltage
190,EV_bus_11_iter_40,11,B,2.349267217665189,Overvoltage
191,EV_bus_11_iter_41,11,C,4.138937034446608,Overvoltage
192,EV_bus_11_iter_42,11,A,1.1933704480373741,Overvoltage
193,EV_bus_11_iter_43,11,A,2.856734647678649,Overvoltage
194,EV_bus_11_iter_44,11,A,4.168649425291867,Overvoltage
195,EV_bus_11_iter_45,11,C,4.537144051097698,Overvoltage
196,EV_bus_11_iter_46,11,A,2.2730219060048675,Overvoltage
197,EV_bus_11_iter_47,11,B,4.0950883009810894,Overvoltage
198,EV_bus_11_iter_48,11,A,1.097552046145852,Overvoltage
199,EV_bus_11_iter_49,11,A,3.839938591317503,Overvoltage
200,EV_bus_12_iter_0,12,B,2.944893659576884,Overvoltage
201,EV_bus_12_iter_1,12,A,2.367061370590157,Overvoltage
202,EV_bus_12_iter_2,12,B,1.1981277349398325,Overvoltage
203,EV_bus_12_iter_3,12,A,1.0170545048734003,Overvoltage
204,EV_bus_12_iter_4,12,B,4.864285527845713,Overvoltage
205,EV_bus_12_iter_5,12,C,1.2793778010128745,Overvoltage
206,EV_bus_12_iter_6,12,A,1.7090619573767336,Overvoltage
207,EV_bus_12_iter_7,12,B,4.1185823016934515,Overvoltage
208,EV_bus_12_iter_8,12,A,2.8420702352586056,Overvoltage
209,EV_bus_12_iter_9,12,A,2.980394333841443,Overvoltage
210,EV_bus_12_iter_10,12,A,1.1158695750051502,Overvoltage
211,EV_bus_12_iter_11,12,C,3.9490423759474433,Overvoltage
212,EV_bus_12_iter_12,12,C,4.530760321107822,Overvoltage
213,EV_bus_12_iter_13,12,C,3.9510275850556402,Overvoltage
214,EV_bus_12_iter_14,12,A,1.6296714619632873,Overvoltage
215,EV_bus_12_iter_15,12,C,2.208589006186348,Overvoltage
216,EV_bus_12_iter_16,12,B,1.3435453778360165,Overvoltage
217,EV_bus_12_iter_17,12,B,1.846618800947176,Overvoltage
218,EV_bus_12_iter_18,12,B,3.0676826779804904,Overvoltage
219,EV_bus_12_iter_19,12,C,2.958904197000461,Overvoltage
220,EV_bus_12_iter_20,12,B,3.759282281491472,Overvoltage
221,EV_bus_12_iter_21,12,C,3.4500184316426994,Overvoltage
222,EV_bus_12_iter_22,12,A,3.366836405748439,Overvoltage
223,EV_bus_12_iter_23,12,B,3.3364267706735977,Overvoltage
224,EV_bus_12_iter_24,12,A,1.6801501974815825,Overvoltage
225,EV_bus_12_iter_25,12,A,1.7086323852763012,Overvoltage
226,EV_bus_12_iter_26,12,A,3.271403442234714,Overvoltage
227,EV_bus_12_iter_27,12,B,2.184128009723392,Overvoltage
228,EV_bus_12_iter_28,12,C,3.0116681237130787,Overvoltage
229,EV_bus_12_iter_29,12,B,2.197323219497845,Overvoltage
230,EV_bus_12_iter_30,12,B,1.2085628833313224,Overvoltage
231,EV_bus_12_iter_31,12,C,4.395494688886018,Overvoltage
232,EV_bus_12_iter_32,12,C,2.9902620189374036,Overvoltage
233,EV_bus_12_iter_33,12,B,2.9161990523696137,Overvoltage
234,EV_bus_12_iter_34,12,A,4.527075950116019,Overvoltage
235,EV_bus_12_iter_35,12,B,1.0600272814216134,Overvoltage
236,EV_bus_12_iter_36,12,A,4.851305089192199,Overvoltage
237,EV_bus_12_iter_37,12,C,1.3846193790887642,Overvoltage
238,EV_bus_12_iter_38,12,B,3.028815516228326,Overvoltage
239,EV_bus_12_iter_39,12,C,2.3264211362536815,Overvoltage
240,EV_bus_12_iter_40,12,A,4.884461946974993,Overvoltage
241,EV_bus_12_iter_41,12,A,1.779001555435697,Overvoltage
242,EV_bus_12_iter_42,12,C,2.547633361192032,Overvoltage
243,EV_bus_12_iter_43,12,B,2.064154488386535,Overvoltage
244,EV_bus_12_iter_44,12,C,4.861735622841544,Overvoltage
245,EV_bus_12_iter_45,12,A,4.0591480166248886,Overvoltage
246,EV_bus_12_iter_46,12,B,4.0992212100680705,Overvoltage
247,EV_bus_12_iter_47,12,C,3.7366193314572143,Overvoltage
248,EV_bus_12_iter_48,12,B,1.0796017982075297,Overvoltage
249,EV_bus_12_iter_49,12,C,4.617975688904668,Overvoltage
250,EV_bus_13_iter_0,13,B,4.603038473664813,Overvoltage
251,EV_bus_13_iter_1,13,C,1.440270413485559,Overvoltage
252,EV_bus_13_iter_2,13,C,3.970547008548568,Overvoltage
253,EV_bus_13_iter_3,13,B,3.980545730200132,Overvoltage
254,EV_bus_13_iter_4,13,A,1.6555581556418324,Overvoltage
255,EV_bus_13_iter_5,13,B,4.944256487021061,Overvoltage
256,EV_bus_13_iter_6,13,A,3.402327873500956,Overvoltage
257,EV_bus_13_iter_7,13,A,4.415306105760163,Overvoltage
258,EV_bus_13_iter_8,13,B,2.761391318161771,Overvoltage
259,EV_bus_13_iter_9,13,A,1.2818015715106132,Overvoltage
260,EV_bus_13_iter_10,13,A,4.974167963013451,Overvoltage
261,EV_bus_13_iter_11,13,B,3.164840128491935,Overvoltage
262,EV_bus_13_iter_12,13,B,3.715405450532977,Overvoltage
263,EV_bus_13_iter_13,13,B,2.610722174802218,Overvoltage
264,EV_bus_13_iter_14,13,C,2.017722833993117,Overvoltage
265,EV_bus_13_iter_15,13,A,3.7445267526760633,Overvoltage
266,EV_bus_13_iter_16,13,A,4.192944978665336,Overvoltage
267,EV_bus_13_iter_17,13,C,3.298898590918712,Overvoltage
268,EV_bus_13_iter_18,13,B,3.768277318930873,Overvoltage
269,EV_bus_13_iter_19,13,C,4.081564541647822,Overvoltage
270,EV_bus_13_iter_20,13,A,2.118143834456992,Overvoltage
271,EV_bus_13_iter_21,13,C,4.991478472039198,Overvoltage
272,EV_bus_13_iter_22,13,B,3.882011889277806,Overvoltage
273,EV_bus_13_iter_23,13,B,2.2729041476919454,Overvoltage
274,EV_bus_13_iter_24,13,A,1.9596505269597722,Overvoltage
275,EV_bus_13_iter_25,13,C,4.894482138159587,Overvoltage
276,EV_bus_13_iter_26,13,B,2.5875379498932523,Overvoltage
277,EV_bus_13_iter_27,13,A,4.1822135049789235,Overvoltage
278,EV_bus_13_iter_28,13,B,2.6092676222097237,Overvoltage
279,EV_bus_13_iter_29,13,C,3.718525730292578,Overvoltage
280,EV_bus_13_iter_30,13,B,3.323864375226844,Overvoltage
281,EV_bus_13_iter_31,13,B,1.509293098211879,Overvoltage
282,EV_bus_13_iter_32,13,B,3.3620508003938374,Overvoltage
283,EV_bus_13_iter_33,13,A,3.7936005479042705,Overvoltage
284,EV_bus_13_iter_34,13,B,4.74219599797927,Overvoltage
285,EV_bus_13_iter_35,13,A,2.6105548105417413,Overvoltage
286,EV_bus_13_iter_36,13,A,1.7401193295286914,Overvoltage
287,EV_bus_13_iter_37,13,B,1.4184747825214545,Overvoltage
288,EV_bus_13_iter_38,13,C,3.5437825624358448,Overvoltage
289,EV_bus_13_iter_39,13,C,3.809677854846516,Overvoltage
290,EV_bus_13_iter_40,13,B,1.1141112155505026,Overvoltage
291,EV_bus_13_iter_41,13,C,1.00676292482465,Overvoltage
292,EV_bus_13_iter_42,13,A,3.908953892824746,Overvoltage
293,EV_bus_13_iter_43,13,C,2.51724188998671,Overvoltage
294,EV_bus_13_iter_44,13,C,3.784718182960749,Overvoltage
295,EV_bus_13_iter_45,13,C,1.960997520663157,Overvoltage
296,EV_bus_13_iter_46,13,A,2.655073130478617,Overvoltage
297,EV_bus_13_iter_47,13,C,3.144422599700104,Overvoltage
298,EV_bus_13_iter_48,13,B,3.7234865595093654,Overvoltage
299,EV_bus_13_iter_49,13,A,3.3853342091072745,Overvoltage
300,EV_bus_21_iter_0,21,A,3.5334026842799333,Overvoltage
301,EV_bus_21_iter_1,21,C,2.7365873018619222,Overvoltage
302,EV_bus_21_iter_2,21,C,3.7005524802000536,Overvoltage
303,EV_bus_21_iter_3,21,A,4.172304752628223,Overvoltage
304,EV_bus_21_iter_4,21,B,3.3952699185321613,Overvoltage
305,EV_bus_21_iter_5,21,A,2.3501933199039384,Overvoltage
306,EV_bus_21_iter_6,21,C,2.2103747098846402,Overvoltage
307,EV_bus_21_iter_7,21,A,1.3645891270020476,Overvoltage
308,EV_bus_21_iter_8,21,C,2.197162401812734,Overvoltage
309,EV_bus_21_iter_9,21,C,2.999113444555466,Overvoltage
310,EV_bus_21_iter_10,21,A,1.0518302041755896,Overvoltage
311,EV_bus_21_iter_11,21,C,2.363101413401138,Overvoltage
312,EV_bus_21_iter_12,21,A,2.0223587302690826,Overvoltage
313,EV_bus_21_iter_13,21,A,4.839029551949386,Overvoltage
314,EV_bus_21_iter_14,21,B,2.966159310331782,Overvoltage
315,EV_bus_21_iter_15,21,A,1.4043490756061763,Overvoltage
316,EV_bus_21_iter_16,21,A,1.6599302259801965,Overvoltage
317,EV_bus_21_iter_17,21,C,3.138563348748534,Overvoltage
318,EV_bus_21_iter_18,21,C,4.625147170315415,Overvoltage
319,EV_bus_21_iter_19,21,A,4.785861803761843,Overvoltage
320,EV_bus_21_iter_20,21,A,4.725244461517905,Overvoltage
321,EV_bus_21_iter_21,21,C,3.2213554987579216,Overvoltage
322,EV_bus_21_iter_22,21,C,3.8617136923060547,Overvoltage
323,EV_bus_21_iter_23,21,B,2.2664159192654925,Overvoltage
324,EV_bus_21_iter_24,21,A,4.51874574257992,Overvoltage
325,EV_bus_21_iter_25,21,A,2.8041340016307004,Overvoltage
326,EV_bus_21_iter_26,21,C,2.0854430870059057,Overvoltage
327,EV_bus_21_iter_27,21,C,4.576091468839574,Overvoltage
328,EV_bus_21_iter_28,21,A,2.2813425626366164,Overvoltage
329,EV_bus_21_iter_29,21,B,4.87063709560235,Overvoltage
330,EV_bus_21_iter_30,21,A,4.1911374371892425,Overvoltage
331,EV_bus_21_iter_31,21,B,4.783664172706956,Overvoltage
332,EV_bus_21_iter_32,21,A,3.047730202328152,Overvoltage
333,EV_bus_21_iter_33,21,B,1.730698775330735,Overvoltage
334,EV_bus_21_iter_34,21,C,2.9264721734730554,Overvoltage
335,EV_bus_21_iter_35,21,B,1.5509431168726242,Overvoltage
336,EV_bus_21_iter_36,21,C,3.4176619932181866,Overvoltage
337,EV_bus_21_iter_37,21,B,1.2329800085166176,Overvoltage
338,EV_bus_21_iter_38,21,C,4.440943257095878,Overvoltage
339,EV_bus_21_iter_39,21,A,3.539893097612141,Overvoltage
340,EV_bus_21_iter_40,21,A,4.122153323700211,Overvoltage
341,EV_bus_21_iter_41,21,A,2.255353711350605,Overvoltage
342,EV_bus_21_iter_42,21,A,3.202969417543184,Overvoltage
343,EV_bus_21_iter_43,21,B,3.7764296657174388,Overvoltage
344,EV_bus_21_iter_44,21,A,4.013262951955048,Overvoltage
345,EV_bus_21_iter_45,21,A,3.3630921538843888,Overvoltage
346,EV_bus_21_iter_46,21,A,3.4485552201608582,Overvoltage
347,EV_bus_21_iter_47,21,C,2.279106623272977,Overvoltage
348,EV_bus_21_iter_48,21,B,1.4232219870410283,Overvoltage
349,EV_bus_21_iter_49,21,A,3.396022394467507,Overvoltage
350,EV_bus_25_iter_0,25,B,1.9154395207796493,Overvoltage
351,EV_bus_25_iter_1,25,C,1.7372724160149993,Overvoltage
352,EV_bus_25_iter_2,25,C,4.213440606136199,Overvoltage
353,EV_bus_25_iter_3,25,C,3.413242058717429,Overvoltage
354,EV_bus_25_iter_4,25,B,3.8379523490337233,Overvoltage
355,EV_bus_25_iter_5,25,C,1.2079472006301626,Overvoltage
356,EV_bus_25_iter_6,25,B,3.612886317592305,Overvoltage
357,EV_bus_25_iter_7,25,B,1.061808061815221,Overvoltage
358,EV_bus_25_iter_8,25,A,1.5323641208896528,Overvoltage
359,EV_bus_25_iter_9,25,C,3.198344233263952,Overvoltage
360,EV_bus_25_iter_10,25,C,1.9569349719191802,Overvoltage
361,EV_bus_25_iter_11,25,B,1.968323169026124,Overvoltage
362,EV_bus_25_iter_12,25,C,2.5966098879530493,Overvoltage
363,EV_bus_25_iter_13,25,C,4.205714649313652,Overvoltage
364,EV_bus_25_iter_14,25,C,2.3364560306576334,Overvoltage
365,EV_bus_25_iter_15,25,B,2.381379038557788,Overvoltage
366,EV_bus_25_iter_16,25,C,3.939634070295966,Overvoltage
367,EV_bus_25_iter_17,25,B,4.288947580328567,Overvoltage
368,EV_bus_25_iter_18,25,C,2.0275297869856805,Overvoltage
369,EV_bus_25_iter_19,25,B,1.6973076294335505,Overvoltage
370,EV_bus_25_iter_20,25,A,1.566505238750202,Overvoltage
371,EV_bus_25_iter_21,25,B,4.402410401303465,Overvoltage
372,EV_bus_25_iter_22,25,C,1.4017331684974788,Overvoltage
373,EV_bus_25_iter_23,25,A,1.406102804116792,Overvoltage
374,EV_bus_25_iter_24,25,C,2.136411070751842,Overvoltage
375,EV_bus_25_iter_25,25,C,2.358837970167567,Overvoltage
376,EV_bus_25_iter_26,25,C,2.9968575715594334,Overvoltage
377,EV_bus_25_iter_27,25,A,1.9582222992938214,Overvoltage
378,EV_bus_25_iter_28,25,B,3.866709795683436,Overvoltage
379,EV_bus_25_iter_29,25,A,2.642833631345768,Overvoltage
380,EV_bus_25_iter_30,25,A,1.5149206044034402,Overvoltage
381,EV_bus_25_iter_31,25,A,4.545775693170087,Overvoltage
382,EV_bus_25_iter_32,25,A,1.4691073012072882,Overvoltage
383,EV_bus_25_iter_33,25,C,2.711185883048177,Overvoltage
384,EV_bus_25_iter_34,25,B,2.1841993752092046,Overvoltage
385,EV_bus_25_iter_35,25,A,1.9134439323313548,Overvoltage
386,EV_bus_25_iter_36,25,A,3.2062280018232845,Overvoltage
387,EV_bus_25_iter_37,25,C,1.0257819629048472,Overvoltage
388,EV_bus_25_iter_38,25,B,1.1511803735523123,Overvoltage
389,EV_bus_25_iter_39,25,C,4.50768500281993,Overvoltage
390,EV_bus_25_iter_40,25,A,2.2189884684460344,Overvoltage
391,EV_bus_25_iter_41,25,A,1.6865304170523716,Overvoltage
392,EV_bus_25_iter_42,25,C,2.1739826734189442,Overvoltage
393,EV_bus_25_iter_43,25,C,3.1159846251309706,Overvoltage
394,EV_bus_25_iter_44,25,B,1.783034009126379,Overvoltage
395,EV_bus_25_iter_45,25,C,3.1836788379050307,Overvoltage
396,EV_bus_25_iter_46,25,A,1.5235768191623054,Overvoltage
397,EV_bus_25_iter_47,25,A,4.382417585747746,Overvoltage
398,EV_bus_25_iter_48,25,C,3.629788094043811,Overvoltage
399,EV_bus_25_iter_49,25,A,2.4759263987326117,Overvoltage
400,EV_bus_26_iter_0,26,C,4.8143946009503615,Overvoltage
401,EV_bus_26_iter_1,26,A,4.260191005701875,Overvoltage
402,EV_bus_26_iter_2,26,C,2.920446869352895,Overvoltage
403,EV_bus_26_iter_3,26,A,1.6339292144771078,Overvoltage
404,EV_bus_26_iter_4,26,C,3.636911213416749,Overvoltage
405,EV_bus_26_iter_5,26,C,2.368040380094995,Overvoltage
406,EV_bus_26_iter_6,26,A,1.2744918132537397,Overvoltage
407,EV_bus_26_iter_7,26,A,2.2710920890907778,Overvoltage
408,EV_bus_26_iter_8,26,A,4.484979853392625,Overvoltage
409,EV_bus_26_iter_9,26,A,3.8747579702222255,Overvoltage
410,EV_bus_26_iter_10,26,C,4.754383975982945,Overvoltage
411,EV_bus_26_iter_11,26,B,1.1586002233135297,Overvoltage
412,EV_bus_26_iter_12,26,C,4.860906121293421,Overvoltage
413,EV_bus_26_iter_13,26,B,2.34184701623561,Overvoltage
414,EV_bus_26_iter_14,26,B,2.5104149821538937,Overvoltage
415,EV_bus_26_iter_15,26,A,1.0529197062333258,Overvoltage
416,EV_bus_26_iter_16,26,B,4.69228844175369,Overvoltage
417,EV_bus_26_iter_17,26,C,2.652372639066926,Overvoltage
418,EV_bus_26_iter_18,26,C,2.5489574092543252,Overvoltage
419,EV_bus_26_iter_19,26,C,4.369480834349539,Overvoltage
420,EV_bus_26_iter_20,26,A,3.799444632730795,Overvoltage
421,EV_bus_26_iter_21,26,A,3.5065987138593755,Overvoltage
422,EV_bus_26_iter_22,26,B,1.7442186184345139,Overvoltage
423,EV_bus_26_iter_23,26,A,3.8890928660256354,Overvoltage
424,EV_bus_26_iter_24,26,A,2.9853814497132345,Overvoltage
425,EV_bus_26_iter_25,26,B,4.540401965547305,Overvoltage
426,EV_bus_26_iter_26,26,B,1.6821699310215705,Overvoltage
427,EV_bus_26_iter_27,26,C,4.0393778128124485,Overvoltage
428,EV_bus_26_iter_28,26,B,1.5396738221980524,Overvoltage
429,EV_bus_26_iter_29,26,A,4.2233803994881125,Overvoltage
430,EV_bus_26_iter_30,26,A,2.644417271448687,Overvoltage
431,EV_bus_26_iter_31,26,B,1.3196360372972338,Overvoltage
432,EV_bus_26_iter_32,26,A,3.7591143968202303,Overvoltage
433,EV_bus_26_iter_33,26,C,4.128789738469624,Overvoltage
434,EV_bus_26_iter_34,26,A,1.059264619376128,Overvoltage
435,EV_bus_26_iter_35,26,C,3.4275317127256435,Overvoltage
436,EV_bus_26_iter_36,26,B,1.901818055412876,Overvoltage
437,EV_bus_26_iter_37,26,A,2.644256871565894,Overvoltage
438,EV_bus_26_iter_38,26,A,4.023082381182533,Overvoltage
439,EV_bus_26_iter_39,26,A,4.117507650444736,Overvoltage
440,EV_bus_26_iter_40,26,B,2.4271552428466916,Overvoltage
441,EV_bus_26_iter_41,26,C,2.489280315035899,Overvoltage
442,EV_bus_26_iter_42,26,B,3.4893247035476147,Overvoltage
443,EV_bus_26_iter_43,26,C,2.409286848849979,Overvoltage
444,EV_bus_26_iter_44,26,C,3.4292224264938813,Overvoltage
445,EV_bus_26_iter_45,26,B,3.200794897755791,Overvoltage
446,EV_bus_26_iter_46,26,B,2.775911485206215,Overvoltage
447,EV_bus_26_iter_47,26,B,3.0533799307445357,Overvoltage
448,EV_bus_26_iter_48,26,C,1.246700490045788,Overvoltage
449,EV_bus_26_iter_49,26,B,2.437852282848853,Overvoltage
450,EV_bus_29_iter_0,29,C,2.7225170250008697,Overvoltage
451,EV_bus_29_iter_1,29,A,1.114092498081618,Overvoltage
452,EV_bus_29_iter_2,29,C,2.881519299629565,Overvoltage
453,EV_bus_29_iter_3,29,A,1.240754077899298,Overvoltage
454,EV_bus_29_iter_4,29,A,1.72353682158364,Overvoltage
455,EV_bus_29_iter_5,29,B,4.072393969478734,Overvoltage
456,EV_bus_29_iter_6,29,C,2.0542714129192685,Overvoltage
457,EV_bus_29_iter_7,29,B,4.469053813179608,Overvoltage
458,EV_bus_29_iter_8,29,A,4.596876443608146,Overvoltage
459,EV_bus_29_iter_9,29,C,2.7042460081296182,Overvoltage
460,EV_bus_29_iter_10,29,C,2.7397105286313943,Overvoltage
461,EV_bus_29_iter_11,29,B,4.905506144650248,Overvoltage
462,EV_bus_29_iter_12,29,C,1.0132930636149529,Overvoltage
463,EV_bus_29_iter_13,29,C,3.558791310465442,Overvoltage
464,EV_bus_29_iter_14,29,C,4.720835026317436,Overvoltage
465,EV_bus_29_iter_15,29,C,4.693671409779784,Overvoltage
466,EV_bus_29_iter_16,29,A,4.409070984628847,Overvoltage
467,EV_bus_29_iter_17,29,A,4.024928531184873,Overvoltage
468,EV_bus_29_iter_18,29,B,3.226691775130127,Overvoltage
469,EV_bus_29_iter_19,29,C,1.1328658942834386,Overvoltage
470,EV_bus_29_iter_20,29,A,4.525097767874049,Overvoltage
471,EV_bus_29_iter_21,29,C,4.017235438409575,Overvoltage
472,EV_bus_29_iter_22,29,A,1.9900358675701004,Overvoltage
473,EV_bus_29_iter_23,29,B,3.3773818436806726,Overvoltage
474,EV_bus_29_iter_24,29,A,4.87072804134406,Overvoltage
475,EV_bus_29_iter_25,29,C,4.605180442338532,Overvoltage
476,EV_bus_29_iter_26,29,B,4.681780404770941,Overvoltage
477,EV_bus_29_iter_27,29,C,3.1488178958404798,Overvoltage
478,EV_bus_29_iter_28,29,B,2.2479580554284593,Overvoltage
479,EV_bus_29_iter_29,29,C,2.3922390730507574,Overvoltage
480,EV_bus_29_iter_30,29,A,3.8625020683755564,Overvoltage
481,EV_bus_29_iter_31,29,C,4.114327479991351,Overvoltage
482,EV_bus_29_iter_32,29,A,1.5140993908192888,Overvoltage
483,EV_bus_29_iter_33,29,A,3.9144847796129856,Overvoltage
484,EV_bus_29_iter_34,29,C,3.8021266520065047,Overvoltage
485,EV_bus_29_iter_35,29,C,2.5796031277201847,Overvoltage
486,EV_bus_29_iter_36,29,B,4.141610380333535,Overvoltage
487,EV_bus_29_iter_37,29,B,2.09679855427171,Overvoltage
488,EV_bus_29_iter_38,29,C,4.012974069306768,Overvoltage
489,EV_bus_29_iter_39,29,A,1.2033935726802318,Overvoltage
490,EV_bus_29_iter_40,29,A,4.908138673483824,Overvoltage
491,EV_bus_29_iter_41,29,B,2.3301998746900745,Overvoltage
492,EV_bus_29_iter_42,29,C,3.778005734093116,Overvoltage
493,EV_bus_29_iter_43,29,A,1.1478184203485373,Overvoltage
494,EV_bus_29_iter_44,29,C,4.085680535546444,Overvoltage
495,EV_bus_29_iter_45,29,A,3.5515275340242076,Overvoltage
496,EV_bus_29_iter_46,29,C,2.767684908867568,Overvoltage
497,EV_bus_29_iter_47,29,A,3.294179360486769,Overvoltage
498,EV_bus_29_iter_48,29,C,2.667661121917065,Overvoltage
499,EV_bus_29_iter_49,29,A,4.128408887839347,Overvoltage
500,EV_bus_30_iter_0,30,B,1.7023070204016744,Overvoltage
501,EV_bus_30_iter_1,30,A,2.0867459101024033,Overvoltage
502,EV_bus_30_iter_2,30,C,4.093064366845589,Overvoltage
503,EV_bus_30_iter_3,30,B,1.5566813038841198,Overvoltage
504,EV_bus_30_iter_4,30,C,4.003469871522496,Overvoltage
505,EV_bus_30_iter_5,30,A,3.1470104794309046,Overvoltage
506,EV_bus_30_iter_6,30,A,1.0146828234664933,Overvoltage
507,EV_bus_30_iter_7,30,A,1.2244833075403685,Overvoltage
508,EV_bus_30_iter_8,30,B,4.235156539398613,Overvoltage
509,EV_bus_30_iter_9,30,B,3.894691976979576,Overvoltage
510,EV_bus_30_iter_10,30,C,3.8124676919918765,Overvoltage
511,EV_bus_30_iter_11,30,B,3.4380196787437582,Overvoltage
512,EV_bus_30_iter_12,30,C,4.511711901972136,Overvoltage
513,EV_bus_30_iter_13,30,C,3.727994049077315,Overvoltage
514,EV_bus_30_iter_14,30,A,1.8832633525576248,Overvoltage
515,EV_bus_30_iter_15,30,C,2.821904002816736,Overvoltage
516,EV_bus_30_iter_16,30,C,4.1530119794875215,Overvoltage
517,EV_bus_30_iter_17,30,C,4.305997308233224,Overvoltage
518,EV_bus_30_iter_18,30,C,4.2564980170748505,Overvoltage
519,EV_bus_30_iter_19,30,A,4.809920335544176,Overvoltage
520,EV_bus_30_iter_20,30,C,3.915339327234218,Overvoltage
521,EV_bus_30_iter_21,30,C,4.326494323613096,Overvoltage
522,EV_bus_30_iter_22,30,A,3.806389049737079,Overvoltage
523,EV_bus_30_iter_23,30,B,3.4348428711006838,Overvoltage
524,EV_bus_30_iter_24,30,A,2.4294039179368108,Overvoltage
525,EV_bus_30_iter_25,30,A,1.0931738354016574,Overvoltage
526,EV_bus_30_iter_26,30,C,3.31016430674718,Overvoltage
527,EV_bus_30_iter_27,30,A,4.43293686455928,Overvoltage
528,EV_bus_30_iter_28,30,B,1.9760414871395406,Overvoltage
529,EV_bus_30_iter_29,30,A,4.739174351830805,Overvoltage
530,EV_bus_30_iter_30,30,A,4.601615471375283,Overvoltage
531,EV_bus_30_iter_31,30,B,2.8676995824632625,Overvoltage
532,EV_bus_30_iter_32,30,A,3.902803597469001,Overvoltage
533,EV_bus_30_iter_33,30,B,3.488542713786794,Overvoltage
534,EV_bus_30_iter_34,30,C,4.697039995879068,Overvoltage
535,EV_bus_30_iter_35,30,A,4.2452852976486195,Overvoltage
536,EV_bus_30_iter_36,30,C,3.7796818193357278,Overvoltage
537,EV_bus_30_iter_37,30,C,1.422565673646468,Overvoltage
538,EV_bus_30_iter_38,30,A,3.129188090120144,Overvoltage
539,EV_bus_30_iter_39,30,C,1.5101568336433555,Overvoltage
540,EV_bus_30_iter_40,30,B,3.3544881679660157,Overvoltage
541,EV_bus_30_iter_41,30,A,2.2158526650072052,Overvoltage
542,EV_bus_30_iter_42,30,B,4.077662621876389,Overvoltage
543,EV_bus_30_iter_43,30,B,1.4630245330652492,Overvoltage
544,EV_bus_30_iter_44,30,B,2.715016743459305,Overvoltage
545,EV_bus_30_iter_45,30,A,2.735407332832691,Overvoltage
546,EV_bus_30_iter_46,30,B,3.5988556943783117,Overvoltage
547,EV_bus_30_iter_47,30,C,3.9580956208941096,Overvoltage
548,EV_bus_30_iter_48,30,A,2.843803920841508,Overvoltage
549,EV_bus_30_iter_49,30,C,1.2959805433646574,Overvoltage
550,EV_bus_33_iter_0,33,A,4.5597530561136,Overvoltage
551,EV_bus_33_iter_1,33,C,3.320890499750991,Overvoltage
552,EV_bus_33_iter_2,33,A,2.6194712584774615,Overvoltage
553,EV_bus_33_iter_3,33,A,2.2883697400046743,Overvoltage
554,EV_bus_33_iter_4,33,C,2.9705707792994116,Overvoltage
555,EV_bus_33_iter_5,33,A,1.4974865940871425,Overvoltage
556,EV_bus_33_iter_6,33,A,4.827844878365433,Overvoltage
557,EV_bus_33_iter_7,33,A,4.902581830039809,Overvoltage
558,EV_bus_33_iter_8,33,A,3.089683320328228,Overvoltage
559,EV_bus_33_iter_9,33,B,2.074792285487848,Overvoltage
560,EV_bus_33_iter_10,33,B,4.340305863070107,Overvoltage
561,EV_bus_33_iter_11,33,B,2.768455238038809,Overvoltage
562,EV_bus_33_iter_12,33,C,3.1645564392843295,Overvoltage
563,EV_bus_33_iter_13,33,A,3.022640088448964,Overvoltage
564,EV_bus_33_iter_14,33,B,2.12151890010428,Overvoltage
565,EV_bus_33_iter_15,33,B,4.93141565551711,Overvoltage
566,EV_bus_33_iter_16,33,B,1.270996533585714,Overvoltage
567,EV_bus_33_iter_17,33,B,1.697632741064445,Overvoltage
568,EV_bus_33_iter_18,33,C,4.984476484110856,Overvoltage
569,EV_bus_33_iter_19,33,A,4.762122125365435,Overvoltage
570,EV_bus_33_iter_20,33,C,3.6283249931011348,Overvoltage
571,EV_bus_33_iter_21,33,A,3.164498848090049,Overvoltage
572,EV_bus_33_iter_22,33,A,2.830858503573135,Overvoltage
573,EV_bus_33_iter_23,33,A,2.748114588845424,Overvoltage
574,EV_bus_33_iter_24,33,B,4.1340049678203785,Overvoltage
575,EV_bus_33_iter_25,33,B,3.3876998977635546,Overvoltage
576,EV_bus_33_iter_26,33,C,2.2536305018917253,Overvoltage
577,EV_bus_33_iter_27,33,C,1.0900736607412997,Overvoltage
578,EV_bus_33_iter_28,33,C,4.126370108569297,Overvoltage
579,EV_bus_33_iter_29,33,A,3.5486735596264976,Overvoltage
580,EV_bus_33_iter_30,33,B,3.416549205583967,Overvoltage
581,EV_bus_33_iter_31,33,A,2.4138260083364083,Overvoltage
582,EV_bus_33_iter_32,33,C,2.0464376899234797,Overvoltage
583,EV_bus_33_iter_33,33,B,1.1200426513028843,Overvoltage
584,EV_bus_33_iter_34,33,A,4.594336075143467,Overvoltage
585,EV_bus_33_iter_35,33,C,2.944310408496732,Overvoltage
586,EV_bus_33_iter_36,33,B,4.367694335649984,Overvoltage
587,EV_bus_33_iter_37,33,C,2.4789390901185353,Overvoltage
588,EV_bus_33_iter_38,33,A,2.0360947778624197,Overvoltage
589,EV_bus_33_iter_39,33,A,2.654426410794655,Overvoltage
590,EV_bus_33_iter_40,33,B,4.353711587130963,Overvoltage
591,EV_bus_33_iter_41,33,A,4.292161298150232,Overvoltage
592,EV_bus_33_iter_42,33,B,2.4916126171513167,Overvoltage
593,EV_bus_33_iter_43,33,A,2.162873087060347,Overvoltage
594,EV_bus_33_iter_44,33,C,2.405748428983603,Overvoltage
595,EV_bus_33_iter_45,33,A,2.457037075635588,Overvoltage
596,EV_bus_33_iter_46,33,C,3.316240477302766,Overvoltage
597,EV_bus_33_iter_47,33,A,4.029357643378367,Overvoltage
598,EV_bus_33_iter_48,33,B,3.056416263164327,Overvoltage
599,EV_bus_33_iter_49,33,B,4.885121310105546,Overvoltage
600,EV_bus_34_iter_0,34,A,4.055214533087653,Overvoltage
601,EV_bus_34_iter_1,34,C,4.678580910854015,Overvoltage
602,EV_bus_34_iter_2,34,B,3.837608298134551,Overvoltage
603,EV_bus_34_iter_3,34,C,1.5642815763600995,Overvoltage
604,EV_bus_34_iter_4,34,C,3.5503492428204866,Overvoltage
605,EV_bus_34_iter_5,34,B,3.7790454108587004,Overvoltage
606,EV_bus_34_iter_6,34,C,2.306369139560533,Overvoltage
607,EV_bus_34_iter_7,34,C,2.08700333340974,Overvoltage
608,EV_bus_34_iter_8,34,B,2.317596873266445,Overvoltage
609,EV_bus_34_iter_9,34,A,4.155278533019212,Overvoltage
610,EV_bus_34_iter_10,34,C,2.2687953629280195,Overvoltage
611,EV_bus_34_iter_11,34,B,1.6071567446129258,Overvoltage
612,EV_bus_34_iter_12,34,A,2.601846873766021,Overvoltage
613,EV_bus_34_iter_13,34,A,2.8453236869158145,Overvoltage
614,EV_bus_34_iter_14,34,C,4.676659390287083,Overvoltage
615,EV_bus_34_iter_15,34,C,3.573974831903255,Overvoltage
616,EV_bus_34_iter_16,34,B,3.659034841505113,Overvoltage
617,EV_bus_34_iter_17,34,A,3.0228457784433798,Overvoltage
618,EV_bus_34_iter_18,34,C,2.386460496756322,Overvoltage
619,EV_bus_34_iter_19,34,B,3.9053091473001365,Overvoltage
620,EV_bus_34_iter_20,34,B,2.3477665973375665,Overvoltage
621,EV_bus_34_iter_21,34,B,3.3091859749668804,Overvoltage
622,EV_bus_34_iter_22,34,A,3.289724472589927,Overvoltage
623,EV_bus_34_iter_23,34,B,2.1622130386376113,Overvoltage
624,EV_bus_34_iter_24,34,B,1.8415671470063502,Overvoltage
625,EV_bus_34_iter_25,34,A,3.882994121446645,Overvoltage
626,EV_bus_34_iter_26,34,C,3.3507756860850333,Overvoltage
627,EV_bus_34_iter_27,34,B,4.145208488586233,Overvoltage
628,EV_bus_34_iter_28,34,C,3.121427216473798,Overvoltage
629,EV_bus_34_iter_29,34,A,3.5613683218470893,Overvoltage
630,EV_bus_34_iter_30,34,C,2.3059994690873467,Overvoltage
631,EV_bus_34_iter_31,34,A,2.4359850196508948,Overvoltage
632,EV_bus_34_iter_32,34,B,2.487799669775696,Overvoltage
633,EV_bus_34_iter_33,34,B,1.287555867938555,Overvoltage
634,EV_bus_34_iter_34,34,A,4.701391913129639,Overvoltage
635,EV_bus_34_iter_35,34,B,2.150362152086657,Overvoltage
636,EV_bus_34_iter_36,34,C,4.931860878304981,Overvoltage
637,EV_bus_34_iter_37,34,A,3.6591934601623204,Overvoltage
638,EV_bus_34_iter_38,34,A,1.3658535240889607,Overvoltage
639,EV_bus_34_iter_39,34,B,3.449726451784044,Overvoltage
640,EV_bus_34_iter_40,34,A,2.229662568723252,Overvoltage
641,EV_bus_34_iter_41,34,B,1.1854037292802735,Overvoltage
642,EV_bus_34_iter_42,34,C,4.069371104831756,Overvoltage
643,EV_bus_34_iter_43,34,A,4.556060045592817,Overvoltage
644,EV_bus_34_iter_44,34,B,2.9025680330121393,Overvoltage
645,EV_bus_34_iter_45,34,B,2.135151494578428,Overvoltage
646,EV_bus_34_iter_46,34,B,1.8630289956024666,Overvoltage
647,EV_bus_34_iter_47,34,B,2.389105445177663,Overvoltage
648,EV_bus_34_iter_48,34,B,3.3844090895327654,Overvoltage
649,EV_bus_34_iter_49,34,C,3.286462632468381,Overvoltage
650,EV_bus_37_iter_0,37,B,4.888832100104406,Overvoltage
651,EV_bus_37_iter_1,37,A,3.929292087302768,Overvoltage
652,EV_bus_37_iter_2,37,C,4.305442077065443,Overvoltage
653,EV_bus_37_iter_3,37,C,4.63258181572161,Overvoltage
654,EV_bus_37_iter_4,37,B,1.3087689904777826,Overvoltage
655,EV_bus_37_iter_5,37,B,4.830518156426894,Overvoltage
656,EV_bus_37_iter_6,37,C,1.2838076833063656,Overvoltage
657,EV_bus_37_iter_7,37,C,3.1756815548298167,Overvoltage
658,EV_bus_37_iter_8,37,A,4.7212833291483545,Overvoltage
659,EV_bus_37_iter_9,37,C,1.1702598384880392,Overvoltage
660,EV_bus_37_iter_10,37,C,4.8641484207031525,Overvoltage
661,EV_bus_37_iter_11,37,B,3.537021043522139,Overvoltage
662,EV_bus_37_iter_12,37,C,4.308840719954555,Overvoltage
663,EV_bus_37_iter_13,37,A,2.619831486596461,Overvoltage
664,EV_bus_37_iter_14,37,A,1.611438363441831,Overvoltage
665,EV_bus_37_iter_15,37,B,2.808891548900938,Overvoltage
666,EV_bus_37_iter_16,37,A,3.5509920521791734,Overvoltage
667,EV_bus_37_iter_17,37,C,3.5432832158424,Overvoltage
668,EV_bus_37_iter_18,37,A,2.413474396075674,Overvoltage
669,EV_bus_37_iter_19,37,A,3.885098536195272,Overvoltage
670,EV_bus_37_iter_20,37,B,2.107903530766351,Overvoltage
671,EV_bus_37_iter_21,37,A,4.883802626486172,Overvoltage
672,EV_bus_37_iter_22,37,C,4.066063787790976,Overvoltage
673,EV_bus_37_iter_23,37,C,4.200516365447628,Overvoltage
674,EV_bus_37_iter_24,37,C,4.950614577763495,Overvoltage
675,EV_bus_37_iter_25,37,C,4.7547510629317715,Overvoltage
676,EV_bus_37_iter_26,37,C,1.0049498758573483,Overvoltage
677,EV_bus_37_iter_27,37,C,2.712432825053509,Overvoltage
678,EV_bus_37_iter_28,37,C,2.631862657587574,Overvoltage
679,EV_bus_37_iter_29,37,C,4.730340276119657,Overvoltage
680,EV_bus_37_iter_30,37,B,1.1372615076449613,Overvoltage
681,EV_bus_37_iter_31,37,B,3.720405503722665,Overvoltage
682,EV_bus_37_iter_32,37,A,2.2190664647750125,Overvoltage
683,EV_bus_37_iter_33,37,C,2.8554505372054297,Overvoltage
684,EV_bus_37_iter_34,37,C,4.175558390313799,Overvoltage
685,EV_bus_37_iter_35,37,A,2.8179164624837596,Overvoltage
686,EV_bus_37_iter_36,37,B,1.5537657906264166,Overvoltage
687,EV_bus_37_iter_37,37,A,4.305268201854373,Overvoltage
688,EV_bus_37_iter_38,37,C,1.9101681984034116,Overvoltage
689,EV_bus_37_iter_39,37,B,2.680721029752987,Overvoltage
690,EV_bus_37_iter_40,37,B,3.6874536463330756,Overvoltage
691,EV_bus_37_iter_41,37,B,4.021069838711592,Overvoltage
692,EV_bus_37_iter_42,37,B,1.2107369970500481,Overvoltage
693,EV_bus_37_iter_43,37,C,2.4178360294043886,Overvoltage
694,EV_bus_37_iter_44,37,A,2.555788082693008,Overvoltage
695,EV_bus_37_iter_45,37,C,3.782882327352678,Overvoltage
696,EV_bus_37_iter_46,37,C,3.0196067930011004,Overvoltage
697,EV_bus_37_iter_47,37,B,3.1525895681565874,Overvoltage
698,EV_bus_37_iter_48,37,A,2.1233305046438997,Overvoltage
699,EV_bus_37_iter_49,37,B,4.528967735184226,Overvoltage
700,EV_bus_39_iter_0,39,A,3.6791574411595076,Overvoltage
701,EV_bus_39_iter_1,39,B,1.570789573783264,Overvoltage
702,EV_bus_39_iter_2,39,B,4.403349987905672,Overvoltage
703,EV_bus_39_iter_3,39,A,1.6593380632794856,Overvoltage
704,EV_bus_39_iter_4,39,B,2.221614304636789,Overvoltage
705,EV_bus_39_iter_5,39,B,2.808522097658778,Overvoltage
706,EV_bus_39_iter_6,39,A,3.904001166954576,Overvoltage
707,EV_bus_39_iter_7,39,B,1.0400104762777889,Overvoltage
708,EV_bus_39_iter_8,39,B,2.4019954734223927,Overvoltage
709,EV_bus_39_iter_9,39,A,1.834042980715683,Overvoltage
710,EV_bus_39_iter_10,39,B,4.0641141058038635,Overvoltage
711,EV_bus_39_iter_11,39,C,1.461535468451821,Overvoltage
712,EV_bus_39_iter_12,39,A,1.4192075677121583,Overvoltage
713,EV_bus_39_iter_13,39,B,4.926547825204777,Overvoltage
714,EV_bus_39_iter_14,39,C,2.264743817090581,Overvoltage
715,EV_bus_39_iter_15,39,B,1.7931995817042017,Overvoltage
716,EV_bus_39_iter_16,39,B,2.1574742018093565,Overvoltage
717,EV_bus_39_iter_17,39,C,2.3027053566222353,Overvoltage
718,EV_bus_39_iter_18,39,B,1.9395259530552922,Overvoltage
719,EV_bus_39_iter_19,39,B,3.4520522680291887,Overvoltage
720,EV_bus_39_iter_20,39,A,1.7885895015639006,Overvoltage
721,EV_bus_39_iter_21,39,B,3.743545810040135,Overvoltage
722,EV_bus_39_iter_22,39,B,2.736077057959936,Overvoltage
723,EV_bus_39_iter_23,39,B,1.1903451702384409,Overvoltage
724,EV_bus_39_iter_24,39,C,2.244992537209694,Overvoltage
725,EV_bus_39_iter_25,39,A,3.7724345946694005,Overvoltage
726,EV_bus_39_iter_26,39,C,1.54428494686089,Overvoltage
727,EV_bus_39_iter_27,39,A,3.917896064959923,Overvoltage
728,EV_bus_39_iter_28,39,C,4.132403094822229,Overvoltage
729,EV_bus_39_iter_29,39,B,1.903882717281855,Overvoltage
730,EV_bus_39_iter_30,39,A,1.3717232787103795,Overvoltage
731,EV_bus_39_iter_31,39,C,2.080546244972889,Overvoltage
732,EV_bus_39_iter_32,39,A,1.6931822310947933,Overvoltage
733,EV_bus_39_iter_33,39,A,1.750195359249609,Overvoltage
734,EV_bus_39_iter_34,39,B,4.0026131200121196,Overvoltage
735,EV_bus_39_iter_35,39,B,1.8625666878480192,Overvoltage
736,EV_bus_39_iter_36,39,C,4.4287332655266916,Overvoltage
737,EV_bus_39_iter_37,39,B,2.037736639150567,Overvoltage
738,EV_bus_39_iter_38,39,A,4.928585963102149,Overvoltage
739,EV_bus_39_iter_39,39,C,1.200688547409615,Overvoltage
740,EV_bus_39_iter_40,39,A,2.9866254295723538,Overvoltage
741,EV_bus_39_iter_41,39,A,4.306552878537664,Overvoltage
742,EV_bus_39_iter_42,39,B,2.744543590005523,Overvoltage
743,EV_bus_39_iter_43,39,C,2.5720609970808295,Overvoltage
744,EV_bus_39_iter_44,39,C,2.1933482903673256,Overvoltage
745,EV_bus_39_iter_45,39,A,3.752868809333965,Overvoltage
746,EV_bus_39_iter_46,39,A,2.328167808526056,Overvoltage
747,EV_bus_39_iter_47,39,B,4.389208846924388,Overvoltage
748,EV_bus_39_iter_48,39,C,3.3156038326199995,Overvoltage
749,EV_bus_39_iter_49,39,A,2.630861387297688,Overvoltage
750,EV_bus_40_iter_0,40,C,3.3506766908982537,Overvoltage
751,EV_bus_40_iter_1,40,A,3.651293812803356,Overvoltage
752,EV_bus_40_iter_2,40,B,2.588008638707388,Overvoltage
753,EV_bus_40_iter_3,40,A,2.3871690674297508,Overvoltage
754,EV_bus_40_iter_4,40,C,1.0725313833795136,Overvoltage
755,EV_bus_40_iter_5,40,A,1.7221509651636837,Overvoltage
756,EV_bus_40_iter_6,40,A,4.294726581526893,Overvoltage
757,EV_bus_40_iter_7,40,A,2.626705084775724,Overvoltage
758,EV_bus_40_iter_8,40,A,1.520481066626692,Overvoltage
759,EV_bus_40_iter_9,40,C,4.82295767907862,Overvoltage
760,EV_bus_40_iter_10,40,A,4.204866442137755,Overvoltage
761,EV_bus_40_iter_11,40,B,4.411645632742867,Overvoltage
762,EV_bus_40_iter_12,40,C,4.694798657252571,Overvoltage
763,EV_bus_40_iter_13,40,B,4.571937661356083,Overvoltage
764,EV_bus_40_iter_14,40,B,2.292151001723179,Overvoltage
765,EV_bus_40_iter_15,40,C,3.6911542115440064,Overvoltage
766,EV_bus_40_iter_16,40,C,4.749409945522118,Overvoltage
767,EV_bus_40_iter_17,40,A,3.002006305388629,Overvoltage
768,EV_bus_40_iter_18,40,B,4.61218054862379,Overvoltage
769,EV_bus_40_iter_19,40,A,3.7939082882799364,Overvoltage
770,EV_bus_40_iter_20,40,A,4.314293380978491,Overvoltage
771,EV_bus_40_iter_21,40,B,3.9227827277929848,Overvoltage
772,EV_bus_40_iter_22,40,B,3.107060895466162,Overvoltage
773,EV_bus_40_iter_23,40,C,2.2674609032985167,Overvoltage
774,EV_bus_40_iter_24,40,B,3.6130567140265804,Overvoltage
775,EV_bus_40_iter_25,40,A,2.727588528517852,Overvoltage
776,EV_bus_40_iter_26,40,A,4.041648207174857,Overvoltage
777,EV_bus_40_iter_27,40,C,4.874731856814909,Overvoltage
778,EV_bus_40_iter_28,40,C,2.30690405556026,Overvoltage
779,EV_bus_40_iter_29,40,B,3.24340054717352,Overvoltage
780,EV_bus_40_iter_30,40,B,1.6389614010439875,Overvoltage
781,EV_bus_40_iter_31,40,C,1.6970731243695973,Overvoltage
782,EV_bus_40_iter_32,40,B,3.698096452624666,Overvoltage
783,EV_bus_40_iter_33,40,A,4.93104745127089,Overvoltage
784,EV_bus_40_iter_34,40,C,1.611858090207415,Overvoltage
785,EV_bus_40_iter_35,40,B,3.267352583867155,Overvoltage
786,EV_bus_40_iter_36,40,C,1.728496474430449,Overvoltage
787,EV_bus_40_iter_37,40,C,3.8008067255777847,Overvoltage
788,EV_bus_40_iter_38,40,B,2.3934917607358477,Overvoltage
789,EV_bus_40_iter_39,40,C,4.335703553056908,Overvoltage
790,EV_bus_40_iter_40,40,A,3.8340709468685006,Overvoltage
791,EV_bus_40_iter_41,40,C,4.30050387520846,Overvoltage
792,EV_bus_40_iter_42,40,C,4.928578696258892,Overvoltage
793,EV_bus_40_iter_43,40,C,1.5798017435074438,Overvoltage
794,EV_bus_40_iter_44,40,A,2.760493029092964,Overvoltage
795,EV_bus_40_iter_45,40,C,1.3607601926978492,Overvoltage
796,EV_bus_40_iter_46,40,A,2.5899518112997226,Overvoltage
797,EV_bus_40_iter_47,40,C,2.0245665095849716,Overvoltage
798,EV_bus_40_iter_48,40,B,3.5539517122196895,Overvoltage
799,EV_bus_40_iter_49,40,B,2.8153843574999198,Overvoltage
800,EV_bus_42_iter_0,42,A,4.095904065035487,Overvoltage
801,EV_bus_42_iter_1,42,C,2.1102811164542907,Overvoltage
802,EV_bus_42_iter_2,42,A,4.1477741965624855,Overvoltage
803,EV_bus_42_iter_3,42,C,4.863114803341861,Overvoltage
804,EV_bus_42_iter_4,42,C,3.9438482112134734,Overvoltage
805,EV_bus_42_iter_5,42,C,2.6788288730696723,Overvoltage
806,EV_bus_42_iter_6,42,A,3.5690539885148156,Overvoltage
807,EV_bus_42_iter_7,42,B,2.259689491872508,Overvoltage
808,EV_bus_42_iter_8,42,B,3.309873320853946,Overvoltage
809,EV_bus_42_iter_9,42,B,2.862092739152025,Overvoltage
810,EV_bus_42_iter_10,42,A,3.7288927556044045,Overvoltage
811,EV_bus_42_iter_11,42,B,2.142054696682405,Overvoltage
812,EV_bus_42_iter_12,42,A,2.200113991602973,Overvoltage
813,EV_bus_42_iter_13,42,A,2.276487544474848,Overvoltage
814,EV_bus_42_iter_14,42,A,4.615892520549834,Overvoltage
815,EV_bus_42_iter_15,42,B,3.947375254889998,Overvoltage
816,EV_bus_42_iter_16,42,A,2.2083145933166484,Overvoltage
817,EV_bus_42_iter_17,42,B,3.1050013012754265,Overvoltage
818,EV_bus_42_iter_18,42,B,1.033545161679644,Overvoltage
819,EV_bus_42_iter_19,42,A,4.502332829553981,Overvoltage
820,EV_bus_42_iter_20,42,B,4.688664467654861,Overvoltage
821,EV_bus_42_iter_21,42,A,1.3200327215695498,Overvoltage
822,EV_bus_42_iter_22,42,C,3.5805683189160464,Overvoltage
823,EV_bus_42_iter_23,42,C,1.1254420208836846,Overvoltage
824,EV_bus_42_iter_24,42,A,4.150611480509321,Overvoltage
825,EV_bus_42_iter_25,42,B,1.369643960419241,Overvoltage
826,EV_bus_42_iter_26,42,B,3.4281403298463027,Overvoltage
827,EV_bus_42_iter_27,42,C,4.122815938691581,Overvoltage
828,EV_bus_42_iter_28,42,A,3.5623538265431094,Overvoltage
829,EV_bus_42_iter_29,42,C,1.6049007637455568,Overvoltage
830,EV_bus_42_iter_30,42,A,1.6088208337855812,Overvoltage
831,EV_bus_42_iter_31,42,B,1.1392595361368159,Overvoltage
832,EV_bus_42_iter_32,42,B,2.604622246774285,Overvoltage
833,EV_bus_42_iter_33,42,B,1.29627070000994,Overvoltage
834,EV_bus_42_iter_34,42,B,3.161368432155164,Overvoltage
835,EV_bus_42_iter_35,42,B,3.901146181433013,Overvoltage
836,EV_bus_42_iter_36,42,B,1.5665074890013573,Overvoltage
837,EV_bus_42_iter_37,42,A,4.570272115699042,Overvoltage
838,EV_bus_42_iter_38,42,B,2.3024046909664744,Overvoltage
839,EV_bus_42_iter_39,42,C,2.081550486706284,Overvoltage
840,EV_bus_42_iter_40,42,C,3.8168549104849476,Overvoltage
841,EV_bus_42_iter_41,42,B,2.9052331565557687,Overvoltage
842,EV_bus_42_iter_42,42,A,1.9944140405494175,Overvoltage
843,EV_bus_42_iter_43,42,A,1.9367165910021455,Overvoltage
844,EV_bus_42_iter_44,42,B,2.0969176777233973,Overvoltage
845,EV_bus_42_iter_45,42,A,1.0271104737701378,Overvoltage
846,EV_bus_42_iter_46,42,B,4.300514272879722,Overvoltage
847,EV_bus_42_iter_47,42,A,3.3984092906589414,Overvoltage
848,EV_bus_42_iter_48,42,B,4.425617755216006,Overvoltage
849,EV_bus_42_iter_49,42,A,4.422368993973212,Overvoltage
850,EV_bus_45_iter_0,45,A,4.590939625012956,Overvoltage
851,EV_bus_45_iter_1,45,B,1.2669093439351786,Overvoltage
852,EV_bus_45_iter_2,45,B,2.2749368301458492,Overvoltage
853,EV_bus_45_iter_3,45,A,3.662553773106648,Overvoltage
854,EV_bus_45_iter_4,45,C,1.3993007494553082,Overvoltage
855,EV_bus_45_iter_5,45,A,3.3575021317788547,Overvoltage
856,EV_bus_45_iter_6,45,C,4.350232780069115,Overvoltage
857,EV_bus_45_iter_7,45,C,2.7791147376357013,Overvoltage
858,EV_bus_45_iter_8,45,B,2.8522067179536017,Overvoltage
859,EV_bus_45_iter_9,45,A,3.077582424873651,Overvoltage
860,EV_bus_45_iter_10,45,A,1.7649208450940885,Overvoltage
861,EV_bus_45_iter_11,45,A,4.925705644997498,Overvoltage
862,EV_bus_45_iter_12,45,B,3.324761731474743,Overvoltage
863,EV_bus_45_iter_13,45,B,4.286504589255543,Overvoltage
864,EV_bus_45_iter_14,45,A,2.9504373196710416,Overvoltage
865,EV_bus_45_iter_15,45,A,4.544306902261031,Overvoltage
866,EV_bus_45_iter_16,45,B,4.076771690754044,Overvoltage
867,EV_bus_45_iter_17,45,C,4.955265552611582,Overvoltage
868,EV_bus_45_iter_18,45,C,1.0589737108786723,Overvoltage
869,EV_bus_45_iter_19,45,C,1.809472668639974,Overvoltage
870,EV_bus_45_iter_20,45,C,2.1162397870931255,Overvoltage
871,EV_bus_45_iter_21,45,C,3.9212547837311496,Overvoltage
872,EV_bus_45_iter_22,45,B,4.295705331404007,Overvoltage
873,EV_bus_45_iter_23,45,B,2.009537272957783,Overvoltage
874,EV_bus_45_iter_24,45,A,4.389280753694335,Overvoltage
875,EV_bus_45_iter_25,45,C,4.5742601844207575,Overvoltage
876,EV_bus_45_iter_26,45,A,4.100944076529181,Overvoltage
877,EV_bus_45_iter_27,45,A,2.0885924713383694,Overvoltage
878,EV_bus_45_iter_28,45,B,3.8712985733958147,Overvoltage
879,EV_bus_45_iter_29,45,C,4.4008305313343765,Overvoltage
